description,amount,type,payment_mode,category
Monthly salary received,47474.02,Income,Cash,Salary
Medicine purchase,43153.34,Expense,Online,Health
New shoes from mall,44663.25,Expense,Card,Shopping
Yoga class payment,11026.85,Expense,UPI,Fitness
Vegetables and fruits,13999.61,Expense,Online,Grocery
Shopping for birthday gift,23232.94,Expense,UPI,Shopping
Bank transfer salary,24054.87,Income,Card,Salary
Bus fare,30599.28,Expense,Bank Transfer,Travel
Movie tickets,31554.21,Expense,UPI,Entertainment
Freelance graphic design,12775.35,Income,UPI,Freelance
Yoga class payment,19530.95,Expense,UPI,Fitness
New shoes from mall,38235.58,Expense,Cash,Shopping
Monthly rent,37380.1,Expense,Online,Rent
Freelance writing payment,48161.7,Income,UPI,Freelance
Bought groceries at supermarket,19704.85,Expense,UPI,Grocery
Yoga class payment,13937.99,Expense,Bank Transfer,Fitness
Vegetables and fruits,42640.72,Expense,Card,Grocery
Monthly gym subscription,36715.46,Expense,Card,Fitness
Dinner at restaurant,48325.21,Expense,Bank Transfer,Food
Yoga class payment,34199.25,Expense,Online,Fitness
Flight ticket booking,5100.89,Expense,UPI,Travel
Lunch at cafeteria,32435.18,Expense,Card,Food
Bought groceries at supermarket,25883.88,Expense,Card,Grocery
Hotel reservation,4053.07,Expense,Online,Travel
Hotel reservation,42093.38,Expense,Bank Transfer,Travel
Dinner at restaurant,23682.12,Expense,Card,Food
New shoes from mall,42798.12,Expense,Cash,Shopping
Netflix subscription,14651.67,Expense,Cash,Entertainment
Electricity bill payment,17748.43,Expense,UPI,Utilities
Petrol for bike,32876.15,Expense,Cash,Transport
Paid house rent,14274.93,Expense,UPI,Rent
Paid house rent,40982.67,Expense,Bank Transfer,Rent
Lab test fees,41312.89,Expense,Online,Health
Train ticket,23795.85,Expense,Bank Transfer,Transport
Freelance writing payment,4058.74,Income,UPI,Freelance
Doctor consultation,33621.8,Expense,Online,Health
Bought textbooks,27551.85,Expense,Online,Education
Bought groceries at supermarket,16086.6,Expense,Card,Grocery
Online course subscription,23113.44,Expense,Bank Transfer,Education
Online course subscription,1838.72,Expense,Bank Transfer,Education
Freelance web development,27261.97,Income,Online,Freelance
Electricity bill payment,29210.05,Expense,Cash,Utilities
Apartment maintenance fee,41434.12,Expense,Cash,Rent
Salary credited,3887.69,Income,Bank Transfer,Salary
Dinner at restaurant,9965.1,Expense,Online,Food
Netflix subscription,30337.93,Expense,Card,Entertainment
Water bill,41475.61,Expense,Cash,Utilities
New shoes from mall,39523.43,Expense,Cash,Shopping
Monthly grocery shopping,13191.03,Expense,Bank Transfer,Grocery
Online course subscription,42045.66,Expense,Bank Transfer,Education
Apartment maintenance fee,33558.96,Expense,Cash,Rent
Bought textbooks,37875.26,Expense,Card,Education
Hotel reservation,24722.46,Expense,Card,Travel
Medicine purchase,19179.69,Expense,Online,Health
Lunch at cafeteria,47526.35,Expense,Card,Food
Electricity bill payment,14995.14,Expense,Cash,Utilities
Online course subscription,14334.97,Expense,Online,Education
Water bill,43753.52,Expense,Card,Utilities
Electricity bill payment,47821.69,Expense,Card,Utilities
Bought groceries at supermarket,36664.66,Expense,Online,Grocery
Bank transfer salary,9909.85,Income,Bank Transfer,Salary
Dinner at restaurant,14226.45,Expense,Bank Transfer,Food
Ordered food online,42265.22,Expense,Bank Transfer,Food
Monthly gym subscription,4793.87,Expense,Bank Transfer,Fitness
College fee,45825.9,Expense,Online,Education
Bought protein powder,29657.7,Expense,Bank Transfer,Fitness
Hotel reservation,24037.46,Expense,UPI,Travel
Bought groceries at supermarket,10359.78,Expense,Card,Grocery
Monthly gym subscription,16923.87,Expense,Online,Fitness
Monthly gym subscription,40910.7,Expense,Cash,Fitness
Water bill,19870.2,Expense,Cash,Utilities
Bought protein powder,25684.97,Expense,Card,Fitness
Bought groceries at supermarket,124.92,Expense,Cash,Grocery
Shopping for birthday gift,772.78,Expense,Bank Transfer,Shopping
Flight ticket booking,37737.41,Expense,Card,Travel
Netflix subscription,3431.8,Expense,Card,Entertainment
Water bill,8738.91,Expense,UPI,Utilities
Yoga class payment,34878.77,Expense,UPI,Fitness
Monthly rent,47871.36,Expense,Card,Rent
Online course subscription,9910.43,Expense,Card,Education
Bought protein powder,25822.11,Expense,UPI,Fitness
Lab test fees,9290.99,Expense,Cash,Health
Lab test fees,48639.02,Expense,Cash,Health
Medicine purchase,29739.74,Expense,UPI,Health
Movie tickets,27186.77,Expense,Bank Transfer,Entertainment
Salary credited,41671.3,Income,Bank Transfer,Salary
Bank transfer salary,29619.79,Income,Bank Transfer,Salary
Shopping for birthday gift,48774.21,Expense,Card,Shopping
Medicine purchase,10434.01,Expense,UPI,Health
Bought groceries at supermarket,8007.93,Expense,Card,Grocery
Bought groceries at supermarket,12274.34,Expense,Online,Grocery
Train ticket,48653.73,Expense,Online,Transport
Movie tickets,13704.7,Expense,Online,Entertainment
Cab fare,5579.6,Expense,Online,Transport
Online course subscription,12516.08,Expense,Bank Transfer,Education
Netflix subscription,18284.37,Expense,UPI,Entertainment
Electricity bill payment,40944.32,Expense,UPI,Utilities
Internet subscription,23370.57,Expense,Bank Transfer,Utilities
Freelance writing payment,4942.24,Income,Online,Freelance
Water bill,16898.31,Expense,Bank Transfer,Utilities
College fee,34295.98,Expense,Cash,Education
Bought clothes online,2154.57,Expense,Online,Shopping
Salary credited,23530.68,Income,UPI,Salary
Concert ticket,42555.73,Expense,Bank Transfer,Entertainment
Flight ticket booking,41316.27,Expense,Card,Travel
Apartment maintenance fee,22846.16,Expense,Bank Transfer,Rent
Paid house rent,37248.7,Expense,UPI,Rent
Online course subscription,40253.06,Expense,Online,Education
Freelance web development,43723.4,Income,Online,Freelance
Online course subscription,27359.05,Expense,Online,Education
New shoes from mall,48652.84,Expense,Online,Shopping
Water bill,16736.13,Expense,Card,Utilities
Internet subscription,2244.48,Expense,UPI,Utilities
Internet subscription,41244.39,Expense,Cash,Utilities
Monthly salary received,22355.01,Income,Bank Transfer,Salary
Monthly gym subscription,30545.76,Expense,UPI,Fitness
Monthly gym subscription,36881.29,Expense,Online,Fitness
Monthly grocery shopping,36443.82,Expense,Online,Grocery
Flight ticket booking,12208.11,Expense,Bank Transfer,Travel
Monthly salary received,13621.56,Income,Cash,Salary
Bank transfer salary,29120.16,Income,Card,Salary
Hotel reservation,43570.37,Expense,Card,Travel
Vegetables and fruits,3765.12,Expense,UPI,Grocery
Water bill,27240.41,Expense,Bank Transfer,Utilities
Hotel reservation,11579.7,Expense,Online,Travel
Freelance writing payment,14360.83,Income,Bank Transfer,Freelance
Ordered food online,5324.06,Expense,UPI,Food
Bought textbooks,38603.15,Expense,Online,Education
Monthly salary received,29428.78,Income,Bank Transfer,Salary
Train ticket,13340.21,Expense,Cash,Transport
Bought protein powder,33357.71,Expense,UPI,Fitness
Petrol for bike,39247.42,Expense,Bank Transfer,Transport
Monthly grocery shopping,48486.72,Expense,Cash,Grocery
Freelance graphic design,3887.2,Income,Online,Freelance
Freelance writing payment,10648.52,Income,Online,Freelance
Dinner at restaurant,20333.45,Expense,Bank Transfer,Food
Flight ticket booking,940.95,Expense,Bank Transfer,Travel
Water bill,44874.07,Expense,UPI,Utilities
Bought protein powder,3257.62,Expense,Bank Transfer,Fitness
Monthly rent,44051.43,Expense,Cash,Rent
Internet subscription,7051.78,Expense,Online,Utilities
Doctor consultation,40610.84,Expense,Bank Transfer,Health
Vegetables and fruits,4391.8,Expense,Online,Grocery
Medicine purchase,12766.8,Expense,Online,Health
Movie tickets,14817.66,Expense,Online,Entertainment
Internet subscription,38052.13,Expense,Card,Utilities
Water bill,16570.35,Expense,Online,Utilities
Ordered food online,46859.14,Expense,Card,Food
Petrol for bike,37604.54,Expense,Bank Transfer,Transport
Paid house rent,11706.63,Expense,Bank Transfer,Rent
Vegetables and fruits,607.44,Expense,Card,Grocery
Freelance graphic design,3823.83,Income,Bank Transfer,Freelance
Monthly gym subscription,48290.96,Expense,Bank Transfer,Fitness
Cab fare,45937.29,Expense,Online,Transport
Shopping for birthday gift,42564.78,Expense,Bank Transfer,Shopping
Hotel reservation,11962.3,Expense,Bank Transfer,Travel
Monthly salary received,11023.56,Income,Bank Transfer,Salary
Bought protein powder,11916.38,Expense,UPI,Fitness
Online course subscription,34060.47,Expense,Bank Transfer,Education
Bus fare,30684.56,Expense,Online,Travel
Water bill,5584.38,Expense,Online,Utilities
Netflix subscription,44323.2,Expense,Bank Transfer,Entertainment
Dinner at restaurant,24369.69,Expense,UPI,Food
New shoes from mall,34886.87,Expense,Cash,Shopping
Yoga class payment,12047.62,Expense,Bank Transfer,Fitness
Petrol for bike,778.11,Expense,UPI,Transport
Online course subscription,17876.82,Expense,Bank Transfer,Education
Vegetables and fruits,36760.76,Expense,Bank Transfer,Grocery
Dinner at restaurant,28260.38,Expense,Bank Transfer,Food
Electricity bill payment,19587.87,Expense,UPI,Utilities
Bought clothes online,30812.41,Expense,UPI,Shopping
Bought clothes online,19790.84,Expense,Card,Shopping
Yoga class payment,19561.78,Expense,Card,Fitness
Freelance graphic design,36818.7,Income,Online,Freelance
Dinner at restaurant,2456.74,Expense,Card,Food
Petrol for bike,18244.0,Expense,Card,Transport
Salary credited,26200.69,Income,Cash,Salary
Concert ticket,18799.61,Expense,Cash,Entertainment
Internet subscription,18231.74,Expense,Card,Utilities
Bus fare,24273.08,Expense,Cash,Travel
Bank transfer salary,40377.97,Income,Cash,Salary
Doctor consultation,5454.33,Expense,Bank Transfer,Health
Freelance writing payment,13988.54,Income,Cash,Freelance
Train ticket,2473.01,Expense,Online,Transport
Ordered food online,2018.14,Expense,Bank Transfer,Food
Flight ticket booking,2902.57,Expense,Online,Travel
Cab fare,46030.34,Expense,Bank Transfer,Transport
Monthly grocery shopping,30532.26,Expense,Card,Grocery
New shoes from mall,6704.07,Expense,UPI,Shopping
Train ticket,3198.68,Expense,Bank Transfer,Transport
Movie tickets,48954.44,Expense,Online,Entertainment
Medicine purchase,36304.02,Expense,Cash,Health
Apartment maintenance fee,48625.22,Expense,Card,Rent
Dinner at restaurant,22614.21,Expense,Cash,Food
Vegetables and fruits,20334.72,Expense,Cash,Grocery
Online course subscription,19480.76,Expense,Bank Transfer,Education
Salary credited,47752.23,Income,Cash,Salary
Monthly grocery shopping,11360.86,Expense,Online,Grocery
Vegetables and fruits,39151.98,Expense,Card,Grocery
Monthly grocery shopping,33283.01,Expense,Cash,Grocery
Flight ticket booking,4337.53,Expense,Online,Travel
Lunch at cafeteria,48747.02,Expense,Online,Food
Internet subscription,38978.79,Expense,Bank Transfer,Utilities
Water bill,19023.64,Expense,Online,Utilities
Internet subscription,13210.92,Expense,UPI,Utilities
Freelance writing payment,13657.49,Income,Bank Transfer,Freelance
Concert ticket,24801.87,Expense,Online,Entertainment
Shopping for birthday gift,4786.68,Expense,Cash,Shopping
Monthly gym subscription,42144.33,Expense,Bank Transfer,Fitness
Netflix subscription,21272.94,Expense,Cash,Entertainment
Lunch at cafeteria,13221.15,Expense,Bank Transfer,Food
Apartment maintenance fee,33680.28,Expense,Online,Rent
Movie tickets,1167.89,Expense,Bank Transfer,Entertainment
Electricity bill payment,121.84,Expense,Online,Utilities
Water bill,19105.78,Expense,UPI,Utilities
Hotel reservation,4496.21,Expense,Cash,Travel
College fee,17026.81,Expense,UPI,Education
Bought protein powder,46796.62,Expense,Bank Transfer,Fitness
Petrol for bike,43745.38,Expense,Bank Transfer,Transport
Bus fare,35337.47,Expense,UPI,Travel
Movie tickets,49271.2,Expense,Cash,Entertainment
Paid house rent,42757.38,Expense,Bank Transfer,Rent
Internet subscription,9794.66,Expense,Bank Transfer,Utilities
Cab fare,35005.97,Expense,Online,Transport
Vegetables and fruits,49643.31,Expense,Card,Grocery
Shopping for birthday gift,34695.51,Expense,Cash,Shopping
Shopping for birthday gift,1159.73,Expense,UPI,Shopping
Vegetables and fruits,10687.32,Expense,UPI,Grocery
Petrol for bike,41620.86,Expense,UPI,Transport
Paid house rent,37031.27,Expense,UPI,Rent
Flight ticket booking,12075.65,Expense,Card,Travel
Monthly gym subscription,49375.57,Expense,Card,Fitness
Netflix subscription,4283.54,Expense,UPI,Entertainment
Monthly rent,31757.74,Expense,Online,Rent
Doctor consultation,7201.35,Expense,Bank Transfer,Health
Petrol for bike,20054.7,Expense,UPI,Transport
Movie tickets,40602.4,Expense,UPI,Entertainment
Freelance web development,3076.25,Income,Online,Freelance
Electricity bill payment,11575.93,Expense,Online,Utilities
Medicine purchase,18107.52,Expense,UPI,Health
Apartment maintenance fee,30194.13,Expense,Bank Transfer,Rent
Hotel reservation,35980.59,Expense,UPI,Travel
College fee,17286.6,Expense,Online,Education
Bought clothes online,5242.74,Expense,Bank Transfer,Shopping
Freelance writing payment,24580.9,Income,Cash,Freelance
New shoes from mall,46643.9,Expense,Bank Transfer,Shopping
Medicine purchase,39737.46,Expense,Cash,Health
Monthly gym subscription,10117.16,Expense,Bank Transfer,Fitness
Water bill,7239.08,Expense,Online,Utilities
Monthly rent,16815.7,Expense,Online,Rent
Monthly rent,34114.65,Expense,Cash,Rent
Ordered food online,37876.06,Expense,Online,Food
Dinner at restaurant,18637.4,Expense,Card,Food
Yoga class payment,45553.54,Expense,UPI,Fitness
Cab fare,31791.8,Expense,UPI,Transport
Salary credited,42090.55,Income,UPI,Salary
Salary credited,48896.64,Income,Online,Salary
Monthly grocery shopping,19701.06,Expense,Card,Grocery
Bought groceries at supermarket,34259.48,Expense,Card,Grocery
Monthly salary received,34676.59,Income,UPI,Salary
Lab test fees,40793.17,Expense,Online,Health
Monthly gym subscription,10935.1,Expense,Bank Transfer,Fitness
College fee,21711.23,Expense,Bank Transfer,Education
Freelance graphic design,31547.8,Income,Online,Freelance
Electricity bill payment,21792.25,Expense,Online,Utilities
Bank transfer salary,1570.09,Income,Cash,Salary
Petrol for bike,6376.18,Expense,Online,Transport
Internet subscription,42691.98,Expense,UPI,Utilities
Ordered food online,34016.01,Expense,Cash,Food
Flight ticket booking,11447.58,Expense,Online,Travel
Netflix subscription,47081.62,Expense,Card,Entertainment
Lab test fees,20518.26,Expense,Bank Transfer,Health
Dinner at restaurant,30179.06,Expense,Online,Food
Freelance graphic design,20102.43,Income,Card,Freelance
Concert ticket,41658.5,Expense,UPI,Entertainment
Internet subscription,41342.9,Expense,UPI,Utilities
Apartment maintenance fee,26767.01,Expense,Cash,Rent
Flight ticket booking,25241.11,Expense,Bank Transfer,Travel
Medicine purchase,21064.89,Expense,Bank Transfer,Health
Freelance web development,46738.4,Income,Bank Transfer,Freelance
Yoga class payment,17627.74,Expense,Online,Fitness
Vegetables and fruits,21670.68,Expense,Card,Grocery
Paid house rent,41345.57,Expense,UPI,Rent
Netflix subscription,24921.51,Expense,Bank Transfer,Entertainment
Train ticket,3415.86,Expense,UPI,Transport
Lab test fees,560.78,Expense,Bank Transfer,Health
Freelance graphic design,8526.48,Income,Bank Transfer,Freelance
Medicine purchase,33524.51,Expense,Bank Transfer,Health
Bought groceries at supermarket,6075.63,Expense,UPI,Grocery
Internet subscription,28639.66,Expense,UPI,Utilities
Freelance web development,34752.01,Income,Cash,Freelance
Apartment maintenance fee,34302.01,Expense,Cash,Rent
Freelance web development,45364.16,Income,UPI,Freelance
Cab fare,21808.33,Expense,Online,Transport
College fee,37295.36,Expense,Online,Education
Freelance writing payment,26803.88,Income,UPI,Freelance
Dinner at restaurant,7175.48,Expense,Online,Food
Hotel reservation,41803.07,Expense,Online,Travel
Movie tickets,29894.4,Expense,Cash,Entertainment
Freelance writing payment,19600.91,Income,Bank Transfer,Freelance
College fee,14798.46,Expense,Online,Education
Freelance writing payment,47158.75,Income,Cash,Freelance
Monthly salary received,21426.76,Income,UPI,Salary
Netflix subscription,2904.33,Expense,Cash,Entertainment
Freelance web development,10685.71,Income,Card,Freelance
Hotel reservation,8780.91,Expense,Card,Travel
Bought textbooks,42598.89,Expense,UPI,Education
Apartment maintenance fee,39288.3,Expense,UPI,Rent
Ordered food online,36217.74,Expense,Online,Food
College fee,15487.69,Expense,Online,Education
Doctor consultation,28789.61,Expense,UPI,Health
Bought groceries at supermarket,1914.15,Expense,Bank Transfer,Grocery
Concert ticket,31092.68,Expense,Cash,Entertainment
Movie tickets,35833.42,Expense,Bank Transfer,Entertainment
Monthly rent,22458.38,Expense,Online,Rent
Cab fare,46287.34,Expense,UPI,Transport
Netflix subscription,21189.88,Expense,Bank Transfer,Entertainment
Flight ticket booking,47127.07,Expense,Online,Travel
Monthly salary received,48865.83,Income,UPI,Salary
Monthly salary received,27625.09,Income,Bank Transfer,Salary
Freelance graphic design,42290.51,Income,Card,Freelance
Online course subscription,20631.09,Expense,Card,Education
Lab test fees,20476.14,Expense,Card,Health
Monthly gym subscription,2818.59,Expense,Card,Fitness
Monthly rent,21045.62,Expense,UPI,Rent
Internet subscription,38034.84,Expense,Online,Utilities
Lab test fees,46733.84,Expense,Cash,Health
Internet subscription,21771.28,Expense,Card,Utilities
Salary credited,34636.75,Income,UPI,Salary
Monthly salary received,15939.69,Income,Card,Salary
Water bill,19979.48,Expense,Online,Utilities
Cab fare,16947.18,Expense,UPI,Transport
Online course subscription,9662.27,Expense,Online,Education
Water bill,4112.32,Expense,UPI,Utilities
Lunch at cafeteria,14658.58,Expense,Online,Food
Hotel reservation,37546.02,Expense,Cash,Travel
Petrol for bike,48618.05,Expense,Bank Transfer,Transport
Apartment maintenance fee,27105.1,Expense,Cash,Rent
Concert ticket,22824.59,Expense,Online,Entertainment
Lab test fees,44675.26,Expense,Bank Transfer,Health
Train ticket,26921.18,Expense,Bank Transfer,Transport
Train ticket,31376.81,Expense,UPI,Transport
Online course subscription,15491.1,Expense,Card,Education
Flight ticket booking,8548.35,Expense,UPI,Travel
Freelance writing payment,28669.78,Income,Online,Freelance
Bank transfer salary,38008.51,Income,Card,Salary
Doctor consultation,47027.39,Expense,Bank Transfer,Health
Bank transfer salary,30193.04,Income,Online,Salary
Paid house rent,29983.24,Expense,Online,Rent
Dinner at restaurant,6981.34,Expense,UPI,Food
Cab fare,5327.43,Expense,Cash,Transport
Salary credited,3336.23,Income,Bank Transfer,Salary
Petrol for bike,33860.14,Expense,Bank Transfer,Transport
Bank transfer salary,16605.02,Income,UPI,Salary
Netflix subscription,44344.67,Expense,UPI,Entertainment
New shoes from mall,10153.22,Expense,UPI,Shopping
Bought textbooks,33764.22,Expense,Cash,Education
Bank transfer salary,45100.3,Income,Card,Salary
Electricity bill payment,45124.3,Expense,UPI,Utilities
Shopping for birthday gift,37900.26,Expense,Online,Shopping
Dinner at restaurant,3934.55,Expense,UPI,Food
Medicine purchase,13771.5,Expense,Bank Transfer,Health
Petrol for bike,2142.12,Expense,UPI,Transport
Cab fare,38523.07,Expense,Online,Transport
Ordered food online,9162.72,Expense,UPI,Food
Lab test fees,41103.0,Expense,Cash,Health
College fee,3005.71,Expense,UPI,Education
Water bill,29018.7,Expense,Cash,Utilities
New shoes from mall,2582.24,Expense,Bank Transfer,Shopping
Monthly grocery shopping,41742.2,Expense,Cash,Grocery
Monthly grocery shopping,31950.27,Expense,Card,Grocery
Salary credited,24167.24,Income,Cash,Salary
Doctor consultation,34093.13,Expense,Bank Transfer,Health
Lab test fees,15100.05,Expense,UPI,Health
Monthly rent,35932.42,Expense,UPI,Rent
Flight ticket booking,42057.52,Expense,UPI,Travel
Online course subscription,21127.96,Expense,Cash,Education
Apartment maintenance fee,45022.15,Expense,Card,Rent
Bought clothes online,5664.71,Expense,Online,Shopping
Water bill,14390.48,Expense,Card,Utilities
Flight ticket booking,46602.32,Expense,Card,Travel
Freelance writing payment,13675.3,Income,Bank Transfer,Freelance
Netflix subscription,41060.69,Expense,Cash,Entertainment
Netflix subscription,32131.81,Expense,UPI,Entertainment
New shoes from mall,22163.09,Expense,UPI,Shopping
Medicine purchase,36247.84,Expense,UPI,Health
Concert ticket,47861.05,Expense,Card,Entertainment
Internet subscription,15463.37,Expense,Bank Transfer,Utilities
Online course subscription,28583.17,Expense,UPI,Education
Paid house rent,46260.21,Expense,Bank Transfer,Rent
Electricity bill payment,46921.92,Expense,Cash,Utilities
Dinner at restaurant,33353.85,Expense,Cash,Food
Bank transfer salary,648.72,Income,Card,Salary
Movie tickets,39327.22,Expense,Card,Entertainment
College fee,25151.48,Expense,Bank Transfer,Education
Cab fare,10884.32,Expense,Cash,Transport
Vegetables and fruits,18620.97,Expense,Cash,Grocery
Bank transfer salary,44062.49,Income,Bank Transfer,Salary
Dinner at restaurant,42450.32,Expense,Bank Transfer,Food
Online course subscription,1986.32,Expense,Cash,Education
Flight ticket booking,43130.11,Expense,Online,Travel
Flight ticket booking,10414.96,Expense,UPI,Travel
Monthly gym subscription,13058.71,Expense,Card,Fitness
Freelance graphic design,37414.4,Income,Card,Freelance
Bought textbooks,43341.82,Expense,UPI,Education
Monthly rent,25454.49,Expense,UPI,Rent
Doctor consultation,47874.31,Expense,Cash,Health
Lunch at cafeteria,16213.15,Expense,Card,Food
Monthly gym subscription,37083.77,Expense,Bank Transfer,Fitness
Internet subscription,32313.99,Expense,Cash,Utilities
Internet subscription,40744.31,Expense,Bank Transfer,Utilities
Train ticket,44739.87,Expense,Online,Transport
Movie tickets,11525.04,Expense,Online,Entertainment
Freelance graphic design,28436.64,Income,Card,Freelance
Hotel reservation,6020.31,Expense,Online,Travel
Lab test fees,44748.85,Expense,Online,Health
Bought protein powder,26959.16,Expense,Online,Fitness
Hotel reservation,48909.71,Expense,Cash,Travel
Concert ticket,24653.39,Expense,Online,Entertainment
Freelance graphic design,46588.12,Income,Bank Transfer,Freelance
Concert ticket,4599.94,Expense,Cash,Entertainment
Yoga class payment,21414.05,Expense,Cash,Fitness
Netflix subscription,23990.74,Expense,Card,Entertainment
Water bill,35920.85,Expense,Bank Transfer,Utilities
Vegetables and fruits,24040.55,Expense,Online,Grocery
Monthly grocery shopping,36557.06,Expense,Cash,Grocery
Water bill,18669.92,Expense,Cash,Utilities
Bus fare,39385.11,Expense,UPI,Travel
Movie tickets,7559.82,Expense,Bank Transfer,Entertainment
Shopping for birthday gift,48175.59,Expense,Card,Shopping
Bus fare,13638.79,Expense,UPI,Travel
Internet subscription,35273.71,Expense,Bank Transfer,Utilities
New shoes from mall,36110.48,Expense,UPI,Shopping
Hotel reservation,46534.99,Expense,Card,Travel
Paid house rent,33761.57,Expense,Bank Transfer,Rent
College fee,13283.39,Expense,Bank Transfer,Education
New shoes from mall,46237.47,Expense,Cash,Shopping
Freelance writing payment,6178.66,Income,Online,Freelance
College fee,30058.44,Expense,Bank Transfer,Education
Yoga class payment,14388.2,Expense,Cash,Fitness
College fee,12069.43,Expense,Bank Transfer,Education
Monthly grocery shopping,29627.97,Expense,UPI,Grocery
Flight ticket booking,49750.8,Expense,Cash,Travel
Bank transfer salary,11787.08,Income,Card,Salary
Paid house rent,28729.07,Expense,Card,Rent
Flight ticket booking,5807.74,Expense,Bank Transfer,Travel
Shopping for birthday gift,7631.7,Expense,UPI,Shopping
Hotel reservation,22947.93,Expense,UPI,Travel
Bank transfer salary,20150.02,Income,Online,Salary
Ordered food online,14276.36,Expense,UPI,Food
Medicine purchase,42898.52,Expense,UPI,Health
Paid house rent,20004.32,Expense,Cash,Rent
Concert ticket,15501.65,Expense,Online,Entertainment
Doctor consultation,19372.32,Expense,Bank Transfer,Health
Yoga class payment,38020.84,Expense,UPI,Fitness
Freelance graphic design,2541.89,Income,Card,Freelance
Flight ticket booking,15917.91,Expense,Card,Travel
Lab test fees,9533.4,Expense,Cash,Health
Monthly salary received,40121.78,Income,Cash,Salary
Freelance writing payment,9941.26,Income,UPI,Freelance
Petrol for bike,24537.91,Expense,UPI,Transport
Monthly gym subscription,43740.53,Expense,Cash,Fitness
Bought protein powder,35476.3,Expense,Cash,Fitness
Cab fare,12242.81,Expense,Bank Transfer,Transport
Bought clothes online,25490.16,Expense,Cash,Shopping
Shopping for birthday gift,39613.24,Expense,Cash,Shopping
Bank transfer salary,10564.59,Income,Cash,Salary
Vegetables and fruits,19379.16,Expense,Card,Grocery
Ordered food online,41395.42,Expense,Online,Food
Monthly grocery shopping,39706.14,Expense,Online,Grocery
Salary credited,25308.41,Income,UPI,Salary
Flight ticket booking,43174.46,Expense,Bank Transfer,Travel
Train ticket,42049.92,Expense,Cash,Transport
Petrol for bike,29684.17,Expense,Online,Transport
Bought clothes online,40836.96,Expense,Online,Shopping
Electricity bill payment,1816.42,Expense,Cash,Utilities
Monthly grocery shopping,30942.42,Expense,Online,Grocery
Bus fare,15543.0,Expense,Online,Travel
Bank transfer salary,36022.31,Income,Online,Salary
Concert ticket,22578.47,Expense,Bank Transfer,Entertainment
Concert ticket,37543.83,Expense,Card,Entertainment
Apartment maintenance fee,1224.84,Expense,Card,Rent
Freelance web development,43928.63,Income,Cash,Freelance
Water bill,27425.92,Expense,Online,Utilities
New shoes from mall,39585.56,Expense,Cash,Shopping
Vegetables and fruits,49647.11,Expense,Cash,Grocery
Bought groceries at supermarket,24439.8,Expense,UPI,Grocery
Doctor consultation,30354.63,Expense,UPI,Health
Monthly salary received,10808.41,Income,Online,Salary
Freelance graphic design,33109.41,Income,Bank Transfer,Freelance
Water bill,40058.06,Expense,Bank Transfer,Utilities
Dinner at restaurant,8951.84,Expense,Bank Transfer,Food
Flight ticket booking,24434.5,Expense,Cash,Travel
Monthly rent,13079.12,Expense,Online,Rent
Paid house rent,45208.56,Expense,Online,Rent
Dinner at restaurant,34681.97,Expense,Online,Food
Bus fare,22045.24,Expense,Bank Transfer,Travel
Medicine purchase,19811.19,Expense,Online,Health
Freelance writing payment,19537.4,Income,Bank Transfer,Freelance
College fee,27877.53,Expense,Card,Education
Hotel reservation,21358.73,Expense,Online,Travel
Bought groceries at supermarket,22369.4,Expense,Bank Transfer,Grocery
Freelance web development,6693.82,Income,Online,Freelance
Doctor consultation,24087.93,Expense,Cash,Health
Online course subscription,29328.79,Expense,Online,Education
Internet subscription,29383.39,Expense,Online,Utilities
Bus fare,49723.23,Expense,Card,Travel
Lunch at cafeteria,37033.16,Expense,Card,Food
Petrol for bike,16223.16,Expense,UPI,Transport
Hotel reservation,38709.05,Expense,Card,Travel
Freelance graphic design,2862.34,Income,UPI,Freelance
Online course subscription,29168.34,Expense,Card,Education
Internet subscription,40037.74,Expense,Bank Transfer,Utilities
Monthly grocery shopping,46304.71,Expense,Cash,Grocery
Monthly salary received,22211.44,Income,Online,Salary
Lunch at cafeteria,48189.64,Expense,Bank Transfer,Food
Movie tickets,14012.58,Expense,Online,Entertainment
New shoes from mall,40906.82,Expense,Bank Transfer,Shopping
Bus fare,31888.74,Expense,Bank Transfer,Travel
Lunch at cafeteria,24155.08,Expense,Online,Food
Internet subscription,32316.78,Expense,Bank Transfer,Utilities
Hotel reservation,41162.02,Expense,UPI,Travel
Petrol for bike,16059.35,Expense,Cash,Transport
Concert ticket,5910.18,Expense,UPI,Entertainment
Freelance web development,4397.5,Income,Cash,Freelance
Freelance web development,18159.02,Income,Online,Freelance
Water bill,40421.21,Expense,UPI,Utilities
Hotel reservation,11617.42,Expense,Card,Travel
New shoes from mall,13126.03,Expense,Online,Shopping
Yoga class payment,9243.55,Expense,Card,Fitness
Medicine purchase,34259.77,Expense,Online,Health
Cab fare,3131.74,Expense,Online,Transport
Bought textbooks,24321.1,Expense,Cash,Education
Netflix subscription,8148.97,Expense,Card,Entertainment
Netflix subscription,21348.32,Expense,Online,Entertainment
Doctor consultation,16036.35,Expense,Online,Health
New shoes from mall,6574.0,Expense,Online,Shopping
Hotel reservation,7227.85,Expense,Cash,Travel
Netflix subscription,15704.49,Expense,Online,Entertainment
Vegetables and fruits,37441.04,Expense,Online,Grocery
Hotel reservation,5128.25,Expense,Card,Travel
Bought protein powder,13141.63,Expense,UPI,Fitness
Bank transfer salary,15873.85,Income,Bank Transfer,Salary
Online course subscription,36448.93,Expense,Online,Education
Water bill,35767.34,Expense,Online,Utilities
Bought groceries at supermarket,13002.12,Expense,Online,Grocery
Bought protein powder,44399.5,Expense,Bank Transfer,Fitness
Salary credited,46422.21,Income,Cash,Salary
Train ticket,6345.95,Expense,Card,Transport
Bought clothes online,39473.43,Expense,UPI,Shopping
Water bill,15759.07,Expense,Card,Utilities
Online course subscription,26615.08,Expense,UPI,Education
Freelance graphic design,3584.11,Income,UPI,Freelance
Flight ticket booking,22240.18,Expense,Card,Travel
Doctor consultation,31400.4,Expense,UPI,Health
Bought clothes online,6910.05,Expense,Card,Shopping
Petrol for bike,45986.47,Expense,Cash,Transport
Shopping for birthday gift,41403.75,Expense,UPI,Shopping
Hotel reservation,9643.2,Expense,Card,Travel
Monthly gym subscription,40894.09,Expense,Cash,Fitness
Bought protein powder,30987.24,Expense,UPI,Fitness
College fee,12351.3,Expense,Card,Education
Freelance writing payment,35882.07,Income,Cash,Freelance
Bank transfer salary,28093.39,Income,Card,Salary
Yoga class payment,32201.71,Expense,Online,Fitness
Train ticket,10065.16,Expense,Cash,Transport
Bought groceries at supermarket,42678.9,Expense,Cash,Grocery
Lab test fees,27245.11,Expense,Online,Health
Petrol for bike,36234.91,Expense,Cash,Transport
Freelance writing payment,17228.94,Income,UPI,Freelance
Bought protein powder,25477.17,Expense,UPI,Fitness
Concert ticket,36621.35,Expense,Cash,Entertainment
Vegetables and fruits,31335.03,Expense,Online,Grocery
Lab test fees,28105.99,Expense,Card,Health
Paid house rent,10939.47,Expense,UPI,Rent
Vegetables and fruits,40212.84,Expense,UPI,Grocery
Petrol for bike,31257.82,Expense,Bank Transfer,Transport
Monthly salary received,24423.59,Income,UPI,Salary
Shopping for birthday gift,28801.37,Expense,UPI,Shopping
Flight ticket booking,46808.19,Expense,Cash,Travel
Internet subscription,26995.89,Expense,Bank Transfer,Utilities
Bought textbooks,46395.73,Expense,Card,Education
Paid house rent,13998.48,Expense,Online,Rent
Bus fare,13826.14,Expense,Online,Travel
Monthly grocery shopping,30317.21,Expense,UPI,Grocery
Bank transfer salary,4921.45,Income,Online,Salary
Concert ticket,42206.02,Expense,Cash,Entertainment
Monthly grocery shopping,1651.85,Expense,Bank Transfer,Grocery
Hotel reservation,12420.9,Expense,Online,Travel
Ordered food online,33140.15,Expense,Cash,Food
Internet subscription,35185.12,Expense,Bank Transfer,Utilities
Ordered food online,8168.68,Expense,Online,Food
Shopping for birthday gift,36362.98,Expense,Online,Shopping
Train ticket,32651.22,Expense,Cash,Transport
Bank transfer salary,14730.54,Income,Cash,Salary
Paid house rent,18486.29,Expense,Bank Transfer,Rent
Online course subscription,11419.1,Expense,UPI,Education
Monthly rent,23877.22,Expense,Card,Rent
Electricity bill payment,14667.85,Expense,Cash,Utilities
Paid house rent,27303.24,Expense,UPI,Rent
Apartment maintenance fee,25421.3,Expense,Cash,Rent
Ordered food online,36845.27,Expense,Online,Food
Monthly salary received,285.34,Income,UPI,Salary
Ordered food online,9849.24,Expense,Card,Food
Monthly grocery shopping,24585.77,Expense,Online,Grocery
Dinner at restaurant,25697.18,Expense,Bank Transfer,Food
Lunch at cafeteria,22735.01,Expense,Online,Food
Train ticket,219.16,Expense,Card,Transport
Medicine purchase,39856.49,Expense,Cash,Health
Ordered food online,42285.53,Expense,UPI,Food
Lunch at cafeteria,23333.8,Expense,Cash,Food
Train ticket,7699.32,Expense,Cash,Transport
Hotel reservation,21813.67,Expense,Cash,Travel
New shoes from mall,33444.06,Expense,Card,Shopping
Lab test fees,24450.75,Expense,Bank Transfer,Health
Doctor consultation,9291.4,Expense,Card,Health
Cab fare,34384.84,Expense,Cash,Transport
Petrol for bike,33078.37,Expense,Online,Transport
Yoga class payment,36009.03,Expense,Online,Fitness
Petrol for bike,14652.71,Expense,Bank Transfer,Transport
Monthly grocery shopping,42754.42,Expense,Online,Grocery
Freelance graphic design,7298.63,Income,Bank Transfer,Freelance
Lab test fees,32029.48,Expense,Cash,Health
Monthly rent,40079.37,Expense,Card,Rent
Bought protein powder,33337.82,Expense,Online,Fitness
Bought textbooks,2711.52,Expense,Online,Education
Salary credited,45243.29,Income,Cash,Salary
Train ticket,19094.45,Expense,Card,Transport
Medicine purchase,34801.42,Expense,Bank Transfer,Health
Paid house rent,21791.48,Expense,UPI,Rent
Shopping for birthday gift,9271.99,Expense,UPI,Shopping
Netflix subscription,35960.56,Expense,Card,Entertainment
Shopping for birthday gift,2779.4,Expense,Online,Shopping
Lunch at cafeteria,47639.44,Expense,Card,Food
Medicine purchase,17367.16,Expense,Online,Health
Netflix subscription,47438.51,Expense,Card,Entertainment
Medicine purchase,21082.1,Expense,Bank Transfer,Health
Train ticket,28036.5,Expense,Card,Transport
Electricity bill payment,47655.99,Expense,Online,Utilities
Internet subscription,5303.22,Expense,Online,Utilities
Shopping for birthday gift,30383.38,Expense,Online,Shopping
Monthly rent,9594.07,Expense,Online,Rent
Lunch at cafeteria,6778.11,Expense,Cash,Food
Flight ticket booking,25942.65,Expense,Online,Travel
Yoga class payment,486.85,Expense,Card,Fitness
Hotel reservation,42823.7,Expense,Card,Travel
Bus fare,9038.66,Expense,Cash,Travel
Vegetables and fruits,43454.08,Expense,Cash,Grocery
Train ticket,24651.56,Expense,Bank Transfer,Transport
Lab test fees,37653.46,Expense,Card,Health
Lunch at cafeteria,5626.71,Expense,Online,Food
Lab test fees,8334.32,Expense,Bank Transfer,Health
Bought textbooks,26616.45,Expense,Bank Transfer,Education
Concert ticket,29411.96,Expense,Cash,Entertainment
Concert ticket,43522.47,Expense,Bank Transfer,Entertainment
Monthly rent,47842.26,Expense,Cash,Rent
Movie tickets,38466.03,Expense,Card,Entertainment
Apartment maintenance fee,11492.05,Expense,Cash,Rent
New shoes from mall,48978.27,Expense,Online,Shopping
Netflix subscription,38500.52,Expense,UPI,Entertainment
Online course subscription,19517.7,Expense,Online,Education
Ordered food online,14102.74,Expense,Cash,Food
Apartment maintenance fee,37528.07,Expense,Bank Transfer,Rent
Monthly rent,13816.59,Expense,Bank Transfer,Rent
Monthly grocery shopping,8725.16,Expense,Cash,Grocery
Freelance graphic design,3090.93,Income,Card,Freelance
Doctor consultation,8982.15,Expense,Online,Health
Water bill,18874.54,Expense,Card,Utilities
Bus fare,42951.6,Expense,Card,Travel
Concert ticket,14864.81,Expense,Card,Entertainment
New shoes from mall,46615.6,Expense,Online,Shopping
Lab test fees,48201.55,Expense,Bank Transfer,Health
Hotel reservation,46628.87,Expense,Online,Travel
Freelance writing payment,2702.47,Income,Bank Transfer,Freelance
Monthly rent,25766.7,Expense,UPI,Rent
Medicine purchase,32591.11,Expense,Online,Health
Ordered food online,10834.89,Expense,Bank Transfer,Food
Hotel reservation,33264.18,Expense,UPI,Travel
Freelance writing payment,28816.81,Income,Bank Transfer,Freelance
Paid house rent,19645.04,Expense,Online,Rent
Water bill,12929.67,Expense,Bank Transfer,Utilities
Freelance writing payment,32168.46,Income,Bank Transfer,Freelance
Bank transfer salary,25232.14,Income,UPI,Salary
Yoga class payment,10346.94,Expense,Online,Fitness
Dinner at restaurant,49759.85,Expense,Online,Food
Monthly grocery shopping,24979.4,Expense,UPI,Grocery
Shopping for birthday gift,39146.22,Expense,Online,Shopping
Flight ticket booking,13317.13,Expense,UPI,Travel
Shopping for birthday gift,15578.1,Expense,Bank Transfer,Shopping
Freelance graphic design,27253.84,Income,Cash,Freelance
Cab fare,44427.15,Expense,Cash,Transport
Petrol for bike,22472.8,Expense,UPI,Transport
Bank transfer salary,36037.78,Income,UPI,Salary
Bus fare,22053.8,Expense,Online,Travel
Bus fare,1757.52,Expense,Card,Travel
Monthly rent,17124.21,Expense,Cash,Rent
Freelance graphic design,45025.79,Income,UPI,Freelance
Netflix subscription,33120.05,Expense,Online,Entertainment
Water bill,43638.99,Expense,Card,Utilities
Freelance writing payment,44140.66,Income,Online,Freelance
Salary credited,43902.14,Income,Cash,Salary
Freelance graphic design,1346.67,Income,Online,Freelance
Concert ticket,6019.32,Expense,Cash,Entertainment
Petrol for bike,25112.64,Expense,Card,Transport
Apartment maintenance fee,33639.15,Expense,Cash,Rent
Flight ticket booking,47011.4,Expense,Bank Transfer,Travel
Shopping for birthday gift,32107.76,Expense,Card,Shopping
Bought clothes online,1701.1,Expense,Cash,Shopping
Flight ticket booking,38285.39,Expense,Card,Travel
Bought textbooks,31224.86,Expense,UPI,Education
Vegetables and fruits,5854.67,Expense,Cash,Grocery
Freelance web development,20631.92,Income,Bank Transfer,Freelance
Vegetables and fruits,47301.43,Expense,Online,Grocery
Bought clothes online,27620.93,Expense,Online,Shopping
Salary credited,22044.02,Income,Bank Transfer,Salary
Ordered food online,26627.56,Expense,Online,Food
Apartment maintenance fee,17752.2,Expense,Online,Rent
College fee,31081.43,Expense,Cash,Education
Monthly grocery shopping,45404.97,Expense,Cash,Grocery
Apartment maintenance fee,8941.67,Expense,Online,Rent
Internet subscription,40428.11,Expense,Cash,Utilities
Medicine purchase,41178.6,Expense,Cash,Health
Apartment maintenance fee,9870.91,Expense,Card,Rent
Lab test fees,4785.29,Expense,Bank Transfer,Health
Dinner at restaurant,20679.57,Expense,Bank Transfer,Food
Paid house rent,16025.57,Expense,Bank Transfer,Rent
Petrol for bike,31706.65,Expense,UPI,Transport
Freelance writing payment,32568.88,Income,Bank Transfer,Freelance
Monthly grocery shopping,35189.18,Expense,Bank Transfer,Grocery
Paid house rent,5578.73,Expense,Bank Transfer,Rent
Paid house rent,21601.76,Expense,UPI,Rent
Internet subscription,1890.92,Expense,Online,Utilities
Cab fare,16368.1,Expense,Online,Transport
Concert ticket,13878.19,Expense,Online,Entertainment
Bought textbooks,35724.57,Expense,Online,Education
Vegetables and fruits,24978.37,Expense,UPI,Grocery
Vegetables and fruits,36651.64,Expense,UPI,Grocery
Flight ticket booking,41166.79,Expense,Cash,Travel
Freelance graphic design,849.71,Income,UPI,Freelance
Freelance writing payment,2490.09,Income,UPI,Freelance
Hotel reservation,3426.86,Expense,Card,Travel
Monthly rent,12158.89,Expense,UPI,Rent
Doctor consultation,44726.85,Expense,Cash,Health
Petrol for bike,49950.2,Expense,UPI,Transport
Online course subscription,43282.44,Expense,Bank Transfer,Education
Vegetables and fruits,25461.69,Expense,Online,Grocery
Doctor consultation,40157.6,Expense,Online,Health
Netflix subscription,28123.58,Expense,Online,Entertainment
Bought clothes online,11970.33,Expense,Online,Shopping
Cab fare,25083.91,Expense,Cash,Transport
Paid house rent,6124.4,Expense,UPI,Rent
Bus fare,34462.61,Expense,UPI,Travel
Monthly gym subscription,41194.99,Expense,Online,Fitness
Medicine purchase,28237.53,Expense,Online,Health
Cab fare,4274.83,Expense,Online,Transport
Medicine purchase,19304.8,Expense,UPI,Health
Doctor consultation,40592.95,Expense,Bank Transfer,Health
Netflix subscription,17913.42,Expense,Card,Entertainment
Medicine purchase,40571.7,Expense,Card,Health
Doctor consultation,36029.76,Expense,Bank Transfer,Health
Petrol for bike,12502.41,Expense,Card,Transport
Bought clothes online,43781.74,Expense,UPI,Shopping
Concert ticket,44371.89,Expense,Bank Transfer,Entertainment
Bought clothes online,16374.91,Expense,Card,Shopping
Bank transfer salary,766.41,Income,Card,Salary
Petrol for bike,21482.06,Expense,Cash,Transport
Bought clothes online,38980.24,Expense,Online,Shopping
Medicine purchase,25807.23,Expense,Online,Health
Bought textbooks,3852.98,Expense,Online,Education
Train ticket,12427.24,Expense,Bank Transfer,Transport
Bought protein powder,34227.39,Expense,UPI,Fitness
Movie tickets,29072.64,Expense,Online,Entertainment
Bus fare,26165.24,Expense,UPI,Travel
Water bill,1678.77,Expense,Card,Utilities
Petrol for bike,45900.89,Expense,Online,Transport
Lab test fees,20576.46,Expense,Online,Health
Train ticket,28634.51,Expense,Cash,Transport
Paid house rent,23373.67,Expense,Card,Rent
Doctor consultation,13949.85,Expense,Card,Health
Hotel reservation,40398.68,Expense,Online,Travel
Concert ticket,4787.39,Expense,Cash,Entertainment
New shoes from mall,5133.89,Expense,Online,Shopping
Flight ticket booking,22661.47,Expense,Online,Travel
Monthly rent,21403.29,Expense,Online,Rent
Bought protein powder,45593.28,Expense,Bank Transfer,Fitness
Doctor consultation,5755.66,Expense,Card,Health
Monthly salary received,48656.1,Income,Bank Transfer,Salary
Shopping for birthday gift,35410.99,Expense,Online,Shopping
Yoga class payment,9261.46,Expense,Bank Transfer,Fitness
Monthly salary received,35458.52,Income,Cash,Salary
Train ticket,27562.03,Expense,Cash,Transport
Bought textbooks,46784.76,Expense,UPI,Education
Salary credited,15223.35,Income,Online,Salary
Train ticket,35195.89,Expense,Online,Transport
Movie tickets,37813.9,Expense,UPI,Entertainment
Salary credited,30029.55,Income,Bank Transfer,Salary
Paid house rent,38447.51,Expense,Bank Transfer,Rent
Bought protein powder,21426.47,Expense,Bank Transfer,Fitness
Concert ticket,7679.01,Expense,Online,Entertainment
Petrol for bike,43186.63,Expense,UPI,Transport
Internet subscription,4521.49,Expense,Online,Utilities
Salary credited,5340.58,Income,Cash,Salary
Monthly gym subscription,15802.2,Expense,UPI,Fitness
Lab test fees,18083.5,Expense,Card,Health
Internet subscription,24154.9,Expense,Online,Utilities
College fee,46434.6,Expense,Cash,Education
Bus fare,29287.74,Expense,Card,Travel
Monthly gym subscription,47768.61,Expense,Bank Transfer,Fitness
Train ticket,4526.69,Expense,Bank Transfer,Transport
Bought protein powder,2097.36,Expense,Online,Fitness
Train ticket,3133.02,Expense,Online,Transport
Paid house rent,28831.96,Expense,Cash,Rent
Ordered food online,21956.41,Expense,Bank Transfer,Food
Monthly rent,27129.81,Expense,Card,Rent
Petrol for bike,38208.98,Expense,Bank Transfer,Transport
Medicine purchase,14064.75,Expense,Card,Health
Bank transfer salary,11544.23,Income,Bank Transfer,Salary
Paid house rent,12684.48,Expense,Bank Transfer,Rent
Freelance web development,25798.0,Income,Online,Freelance
Lab test fees,36410.16,Expense,Card,Health
Doctor consultation,6758.34,Expense,Online,Health
Movie tickets,3083.58,Expense,Card,Entertainment
Netflix subscription,12583.07,Expense,Bank Transfer,Entertainment
Salary credited,41592.12,Income,Bank Transfer,Salary
Hotel reservation,49429.67,Expense,Card,Travel
Lunch at cafeteria,19442.49,Expense,Bank Transfer,Food
Hotel reservation,35966.07,Expense,Card,Travel
Monthly salary received,15362.59,Income,Card,Salary
Movie tickets,37144.87,Expense,Card,Entertainment
Lab test fees,37295.26,Expense,Online,Health
Online course subscription,2520.53,Expense,Card,Education
Freelance web development,16548.23,Income,Cash,Freelance
Monthly gym subscription,23802.26,Expense,Card,Fitness
Monthly gym subscription,5030.59,Expense,Card,Fitness
Monthly gym subscription,17831.81,Expense,Online,Fitness
Paid house rent,10529.08,Expense,Card,Rent
Apartment maintenance fee,42153.97,Expense,Bank Transfer,Rent
Petrol for bike,26362.22,Expense,Online,Transport
Lunch at cafeteria,1245.51,Expense,UPI,Food
Bus fare,15098.72,Expense,UPI,Travel
Freelance web development,11289.54,Income,Bank Transfer,Freelance
Monthly rent,21299.65,Expense,Cash,Rent
Vegetables and fruits,48584.31,Expense,Online,Grocery
Bought clothes online,44755.47,Expense,Bank Transfer,Shopping
Bank transfer salary,33232.51,Income,Online,Salary
Hotel reservation,5010.34,Expense,Cash,Travel
Medicine purchase,39143.63,Expense,Online,Health
Netflix subscription,47807.61,Expense,Bank Transfer,Entertainment
Bought groceries at supermarket,7334.41,Expense,Card,Grocery
Paid house rent,48513.95,Expense,Bank Transfer,Rent
Medicine purchase,41342.53,Expense,Online,Health
Freelance web development,10070.51,Income,Bank Transfer,Freelance
Netflix subscription,18370.16,Expense,UPI,Entertainment
Movie tickets,11542.0,Expense,Card,Entertainment
Freelance writing payment,22080.71,Income,Cash,Freelance
Apartment maintenance fee,8191.61,Expense,Bank Transfer,Rent
Dinner at restaurant,49103.89,Expense,UPI,Food
Lunch at cafeteria,35657.41,Expense,Card,Food
Shopping for birthday gift,1178.54,Expense,Online,Shopping
Hotel reservation,19460.81,Expense,Cash,Travel
Dinner at restaurant,5720.64,Expense,Cash,Food
Salary credited,25193.52,Income,Cash,Salary
Bus fare,17133.21,Expense,Online,Travel
Vegetables and fruits,24718.24,Expense,Online,Grocery
Water bill,10605.95,Expense,Online,Utilities
Bought protein powder,29232.46,Expense,Card,Fitness
Bought clothes online,2022.18,Expense,Cash,Shopping
Paid house rent,33626.38,Expense,Cash,Rent
College fee,24779.8,Expense,Online,Education
Petrol for bike,1558.26,Expense,Bank Transfer,Transport
Lab test fees,7941.71,Expense,Bank Transfer,Health
Train ticket,6861.06,Expense,Cash,Transport
Freelance writing payment,33737.0,Income,UPI,Freelance
Movie tickets,25573.83,Expense,Cash,Entertainment
Train ticket,43226.39,Expense,Card,Transport
Monthly rent,43331.06,Expense,Online,Rent
Dinner at restaurant,14068.05,Expense,UPI,Food
New shoes from mall,22568.43,Expense,Online,Shopping
Hotel reservation,28674.8,Expense,Bank Transfer,Travel
Bus fare,40643.57,Expense,Card,Travel
College fee,28748.23,Expense,Online,Education
Lab test fees,37243.31,Expense,Card,Health
Apartment maintenance fee,29441.38,Expense,UPI,Rent
Ordered food online,41002.03,Expense,Bank Transfer,Food
Dinner at restaurant,23258.68,Expense,Card,Food
Freelance web development,13540.02,Income,Online,Freelance
Bought protein powder,18207.38,Expense,UPI,Fitness
Online course subscription,5412.51,Expense,Bank Transfer,Education
New shoes from mall,35993.29,Expense,Card,Shopping
Monthly gym subscription,6630.43,Expense,Card,Fitness
Concert ticket,17648.13,Expense,Bank Transfer,Entertainment
Concert ticket,7630.27,Expense,Card,Entertainment
Internet subscription,11595.33,Expense,Cash,Utilities
Train ticket,9804.3,Expense,Card,Transport
Monthly gym subscription,26027.82,Expense,Bank Transfer,Fitness
Bank transfer salary,24379.34,Income,Online,Salary
Movie tickets,11219.76,Expense,Bank Transfer,Entertainment
Yoga class payment,34302.3,Expense,Cash,Fitness
Apartment maintenance fee,40696.9,Expense,Card,Rent
Monthly grocery shopping,42870.26,Expense,Card,Grocery
Lab test fees,5415.46,Expense,Card,Health
Movie tickets,22904.39,Expense,Cash,Entertainment
Lunch at cafeteria,49829.2,Expense,Online,Food
Freelance writing payment,34116.08,Income,Card,Freelance
Bought clothes online,15452.21,Expense,Online,Shopping
Flight ticket booking,6492.14,Expense,Cash,Travel
Yoga class payment,46339.13,Expense,Cash,Fitness
Concert ticket,44549.79,Expense,Cash,Entertainment
Doctor consultation,36105.36,Expense,Online,Health
Medicine purchase,17447.92,Expense,Cash,Health
Freelance writing payment,15348.65,Income,Online,Freelance
Monthly grocery shopping,45005.12,Expense,Bank Transfer,Grocery
New shoes from mall,10979.2,Expense,Online,Shopping
Monthly salary received,21525.22,Income,Cash,Salary
Concert ticket,33164.36,Expense,UPI,Entertainment
Electricity bill payment,23279.54,Expense,Online,Utilities
Bought textbooks,29092.98,Expense,Cash,Education
Dinner at restaurant,12065.59,Expense,Card,Food
Online course subscription,38224.28,Expense,Online,Education
Cab fare,19623.79,Expense,Bank Transfer,Transport
College fee,130.49,Expense,UPI,Education
Bought protein powder,13832.91,Expense,Online,Fitness
Lunch at cafeteria,18802.37,Expense,UPI,Food
Bought protein powder,45145.73,Expense,Bank Transfer,Fitness
Vegetables and fruits,9631.59,Expense,Cash,Grocery
Ordered food online,30700.24,Expense,Card,Food
Salary credited,36416.03,Income,UPI,Salary
Lab test fees,38986.91,Expense,Cash,Health
Movie tickets,36580.24,Expense,Card,Entertainment
Freelance web development,16391.73,Income,Cash,Freelance
Vegetables and fruits,23835.32,Expense,Bank Transfer,Grocery
Dinner at restaurant,6164.08,Expense,Online,Food
College fee,20436.83,Expense,Online,Education
Electricity bill payment,42382.82,Expense,UPI,Utilities
Freelance writing payment,31170.25,Income,Bank Transfer,Freelance
Ordered food online,29739.58,Expense,Cash,Food
Bought protein powder,40948.92,Expense,UPI,Fitness
Petrol for bike,15996.73,Expense,Online,Transport
Dinner at restaurant,36647.92,Expense,Card,Food
Shopping for birthday gift,33738.57,Expense,Cash,Shopping
Bought groceries at supermarket,46492.25,Expense,Card,Grocery
Yoga class payment,38700.08,Expense,Online,Fitness
Medicine purchase,13617.78,Expense,UPI,Health
Hotel reservation,25008.64,Expense,Cash,Travel
Monthly grocery shopping,11723.21,Expense,UPI,Grocery
Monthly grocery shopping,43428.62,Expense,Cash,Grocery
Monthly rent,22317.16,Expense,UPI,Rent
Monthly gym subscription,34164.15,Expense,UPI,Fitness
Electricity bill payment,42720.47,Expense,Cash,Utilities
Electricity bill payment,45360.44,Expense,UPI,Utilities
Shopping for birthday gift,48662.67,Expense,Online,Shopping
Dinner at restaurant,2848.28,Expense,UPI,Food
Doctor consultation,13811.68,Expense,UPI,Health
Salary credited,48772.87,Income,Bank Transfer,Salary
Monthly gym subscription,4533.62,Expense,Card,Fitness
Flight ticket booking,36048.76,Expense,UPI,Travel
Ordered food online,30415.28,Expense,Bank Transfer,Food
Freelance graphic design,11948.37,Income,Card,Freelance
Bought protein powder,35251.15,Expense,Online,Fitness
Bus fare,34299.51,Expense,Bank Transfer,Travel
Lunch at cafeteria,38660.66,Expense,Bank Transfer,Food
Bought groceries at supermarket,29847.61,Expense,Online,Grocery
Concert ticket,21846.98,Expense,Card,Entertainment
Freelance graphic design,2485.71,Income,UPI,Freelance
Paid house rent,31794.24,Expense,Online,Rent
Bought clothes online,8711.52,Expense,Card,Shopping
Salary credited,38049.65,Income,Card,Salary
Bought groceries at supermarket,37904.57,Expense,Card,Grocery
Electricity bill payment,38899.51,Expense,Cash,Utilities
Internet subscription,17746.44,Expense,Bank Transfer,Utilities
Bought groceries at supermarket,32635.9,Expense,Bank Transfer,Grocery
Shopping for birthday gift,41923.36,Expense,Bank Transfer,Shopping
Freelance writing payment,14860.94,Income,Cash,Freelance
Online course subscription,25009.35,Expense,Cash,Education
Train ticket,1912.81,Expense,Card,Transport
Lunch at cafeteria,23501.25,Expense,UPI,Food
Electricity bill payment,44066.12,Expense,Cash,Utilities
Bus fare,14854.55,Expense,Online,Travel
Paid house rent,25503.35,Expense,UPI,Rent
Flight ticket booking,37409.99,Expense,Bank Transfer,Travel
Yoga class payment,20003.94,Expense,Online,Fitness
Petrol for bike,2318.91,Expense,Cash,Transport
Monthly salary received,14540.36,Income,Bank Transfer,Salary
Ordered food online,13895.08,Expense,Cash,Food
Bought clothes online,32253.51,Expense,Cash,Shopping
Netflix subscription,30329.87,Expense,Online,Entertainment
Monthly salary received,11496.98,Income,Cash,Salary
Salary credited,17823.65,Income,Card,Salary
Doctor consultation,32862.55,Expense,Cash,Health
College fee,10498.75,Expense,Card,Education
Movie tickets,8504.24,Expense,Card,Entertainment
Monthly gym subscription,39962.83,Expense,Cash,Fitness
Bus fare,12849.59,Expense,Online,Travel
Electricity bill payment,47906.1,Expense,Bank Transfer,Utilities
Movie tickets,49218.76,Expense,Bank Transfer,Entertainment
Freelance graphic design,40942.71,Income,Online,Freelance
Netflix subscription,7569.65,Expense,Bank Transfer,Entertainment
Lunch at cafeteria,407.56,Expense,Cash,Food
Bought textbooks,24255.79,Expense,Card,Education
Bus fare,19086.96,Expense,UPI,Travel
